<?xml version="1.0" encoding="UTF-8"?>
<project-private xmlns="http://www.netbeans.org/ns/project-private/1">
    <editor-bookmarks xmlns="http://www.netbeans.org/ns/editor-bookmarks/2" lastBookmarkId="0"/>
    <open-files xmlns="http://www.netbeans.org/ns/projectui-open-files/2">
        <group>
            <file>file:/E:/AirLineManagementSystem/src/AMS/AddPassengerDetails.java</file>
            <file>file:/E:/AirLineManagementSystem/src/AMS/BookFlight.java</file>
            <file>file:/E:/AirLineManagementSystem/src/AMS/CancelFlight.java</file>
            <file>file:/E:/AirLineManagementSystem/src/AMS/CheckPaymentsDetails.java</file>
            <file>file:/E:/AirLineManagementSystem/src/AMS/ConnectionClass.java</file>
            <file>file:/E:/AirLineManagementSystem/src/AMS/FlightJourney.java</file>
            <file>file:/E:/AirLineManagementSystem/src/AMS/FlightJourneyDetails.java</file>
            <file>file:/E:/AirLineManagementSystem/src/AMS/HomePage.java</file>
            <file>file:/E:/AirLineManagementSystem/src/AMS/Login.java</file>
            <file>file:/E:/AirLineManagementSystem/src/AMS/UpdatePassenger.java</file>
        </group>
    </open-files>
</project-private>
